코드,코드명
UNIM04,비행안전 제4구역
UHK100,일반물류단지
UMK400,(한강)건축 등 허가제한지역
UNE114,통제보호구역(해군기지)
UQS700,항만
UQS710,항만시설
UQS720,어항시설
UQS790,기타항만시설
UQS800,공항
UQS810,공항시설
UQS890,기타공항시설
UQS900,자동차및건설기계운전학원
UQS910,자동차운전학원
UQS920,건설기계운전학원
UQS990,기타자동차및건설기계운전학원
UQS999,기타교통시설
UQT000,공간시설미분류
UQT100,광장
UQT110,교통광장
UQT111,교차점광장
UQT112,역전광장
UQT113,주요시설광장
UQT120,일반광장
UQT121,중심대광장
UQT122,근린광장
UQT130,경관광장
UQT140,지하광장
UQT150,건축물부설광장
UQT190,기타광장시설
UQT200,공원
UQT210,어린이공원
UQT220,근린공원
UQT230,도시자연공원
UQT240,묘지공원
UQT250,체육공원
UQT260,소공원
UQT290,기타공원시설
UQT300,녹지
UQT310,완충녹지
UQT320,경관녹지
UQT330,연결녹지
UQT390,기타녹지시설
UQT400,유원지
UQT490,기타유원지시설
UQT500,공공공지
UQT590,기타공공공지시설
UQT999,기타도시공간시설
UQU000,유통및공급시설미분류
UQU100,시장
UQU110,대규모점포및정기시장
UQU120,농수산물도매시장
UQU130,농수산물공판장및농수산물종합유통센터
UQU140,가축시장
ZM8302,농수산업지구
UNE120,제한보호구역
UEE100,새만금사업지역
UQU200,유통업무설비
UQU210,유통단지
UQU290,기타유통업무설비
UQU300,수도공급시설
UQU310,취수시설
UQU320,저수시설
UQU330,정수시설
UQU340,배수시설
UQU350,전용관로상의도수시설및송수시설
UQU390,기타수도시설
UQU400,공동구
UQU490,기타공동구시설
UQU500,전기공급설비
UQU510,발전시설
UQU520,변전시설
UQU530,고압선
UQU540,배전사업소
UQU590,기타전기공급설비
UQU600,가스공급설비
UQU610,고압가스저장소
UQU620,액화석유가스충전시설
UQU630,가스공급시설
UQU690,기타가스공급설비
UQU700,열공급설비
UQU710,열원시설
UQU720,열수송시설
UQU790,기타열공급설비
UQU800,유류저장및송유설비
UQU810,석유비축저장시설
UQU820,송유관
UQU830,유류저장시설
UQU840,송유시설
UQU890,기타유류저장및송유설비
UQU900,방송통신시설
UQU910,무선설비
UQU920,사업용전기통신설비
UQU930,유선방송국설비
UQU990,기타방송통신시설
UQU999,기타유통및공급시설
UQV000,공공문화체육시설미분류
UQV100,운동장
UQV110,종합운동장
UQV190,기타운동장시설
UQV200,공공청사
UQV210,청사
UQV220,공관
UQV230,교정시설
UQV231,교도소
UQV232,구치소
UQV233,소년원
ZI7803,위락시설제한지구
ZM7805,주거환경보호지구
UIG430,다지구
UDB100,도청이전신도시 개발예정지구
UDD100,특별관리지역
UNE421,비행안전 제1구역(지원)
UM2100,공장설립승인지역
UQV290,기타공공청사시설
UQV300,학교
UQV310,유치원
UQV320,초등학교
UQV330,중학교
UQV340,고등학교
UQV350,대학
UQV390,기타학교시설
UQV400,도서관
UQV410,공공도서관
UQV420,전문도서관
UQV430,특수도서관
UQV490,기타도서관시설
UQV500,연구시설
UQV590,기타연구시설
UQV600,문화시설
UQV610,공연장
UQV620,박물관
UQV630,미술관
UQV640,문화산업진흥시설
UQV650,문화산업단지
UQV660,과학관
UQV690,기타문화시설
UQV700,사회복지시설
UQV709,기타사회복지시설
UQV750,공공직업훈련시설
UQV759,기타공공직업훈련시설
UQV800,체육시설
UQV810,공공체육시설
UQV820,골프장
UQV830,스키장
UQV890,기타체육시설
UQV910,청소년수련시설
UQV990,기타청소년수련시설
UQV999,기타공공문화복지시설
UQW000,방재시설미분류
UQW100,하천
UQW110,국가하천
UQW120,지방1급하천
UQW130,지방2급하천
UQW140,소하천
UQW190,기타하천시설
UQW200,저수지
UQW210,댐
UQW220,제방
UQW290,기타저수지시설
UQW300,방풍설비
UQW310,방풍림시설
UQW320,방풍담장시설
UQW330,방풍망시설
UQW390,기타방풍설비
UQW400,방수설비
UBA300,자연보전권역
UQA330,준공업지역
ZI0002,문화재보존영향 검토대상구역
UQU199,기타시장시설
UGA200,어항구역(수역)
UDS100,주거환경개선구역
TMP075,역사문화환경 보존지역
UIG330,제3종구역
UIN100,제1종구역
TMP023,(임시)불요존국유림
TMP030,(임시)붕괴위험지구
TMP054,(임시)자연재해위험개선지구
TMP055,(임시)정비구역
UQV234,소년분류심사원
ZA0013,건축선
ZA0014,역사도심
ZA0104,역사문화특화경관지구
ZA0105,조망가로특화경관지구
ZA0106,수변특화경관지구
ZE0015,도시계획시설 이적지
ZE0016,성장관리방안 수립지역
ZF0008,사고지
ZO8101,전통경관지구
ZO8102,조망권경관지구
ZO8103,중심시가지경관지구
ZO8104,일반시가지경관지구
ZO8105,수변특화경관지구
ZO8106,역사문화특화경관지구
ZL1101,지적재조사사업지구
UNE422,비행안전 제2구역(지원)
UNE443,비행안전 제3구역(비상)
UFN500,토석채취제한지역
UIG420,나지구
UDC100,역세권개발구역
TMP033,(임시)정비예정구역
UQQ810,도시자연공원구역
UNB100,비행안전구역
UNE410,전술항공작전기지
UQA320,일반공업지역
UNE127,제한보호구역(해군기지)
TMP021,(임시)제1종구역 및 제2종구역
UQW410,배수시설
UQW420,방수시설
UQW490,기타방수설비
UQW500,방화설비
UQW510,소방용수시설
UQW590,기타방화설비
UQW600,사방설비
UQW610,사방시설
UQW690,기타사방설비
UQW700,방조설비
UQW710,방조제
UQW790,기타방조설비
UQW800,유수지
UQW810,유수시설
UQW820,저류시설
UQW890,기타유수지시설
UQW999,기타도시방재시설
UQX000,보건위생시설미분류
UQX100,도축장
UQX190,기타도축장시설
UQX200,공동묘지
UQX210,공설묘지
UQX220,사설묘지
UQX290,기타공동묘지시설
UQX300,화장장
UQX310,공설화장장
UQX320,사설화장장
UQX390,기타화장장시설
UQX400,장례식장
UQX490,기타장례식장시설
UQX500,종합의료시설
UQX510,종합병원
UQX590,기타종합의료시설
UQX600,납골시설
UQX610,공공납골시설
UQX620,사설납골시설
UQX690,기타납골시설
UQX700,자연장지
UQX999,기타보건위생시설
UQY000,국토계획환경기초시설미분류
UQY100,하수도
UQY110,공공하수도중간선하수관
UQY120,하수종말처리시설
UQY190,기타하수도시설
UQY200,폐기물처리시설 및 재활용시설
UQY210,광역폐기물처리시설
UQY220,재활용시설
ZI7805,주거환경보호지구
ZL7402,주거환경보호지구
UNE415,비행안전 제5구역(전술)
UFQ300,채종림등
UNE122,제한보호구역(후방지역：500m)
UQF120,특화경관지구
UNE201,대공방어협조구역(위탁고도：54-236m)
TMP036,(임시)도시·주거환경정비기본계획을 공람중인 정비예정구역 및 정비계획을 수립중인 지역
TMP037,(임시)야생생물보호구역
TMP058,(임시)지역개발사업구역
UNE413,비행안전 제3구역(전술)
TMP027,(임시)해일위험지구
UGD300,이용가능무인도서
ZH3105,제2종수변경관지구
UQK110,역사문화환경보호지구
UNE124,제한보호구역(전술항공：5km)
TMP031,(임시)역사문화환경보존지역
UDJ100,도시ㆍ주거환경정비기본계획을 공람 중인 정비예정구역 및 정비계획을 수립 중인 지역
UFR110,생활환경보호구역
UFR120,수원함양보호구역
UFR130,경관보호구역
UFR140,재해방지보호구역
UFR150,산림유전자원보호구역
UOC800,역사문화환경 보존지역
UIM200,국가기간복합환승센터
UIM300,광역복합환승센터
UIM500,일반복합환승센터
UQY290,기타폐기물처리시설
UQY300,수질오염방지시설
UQY310,폐수종말처리시설
UQY320,폐수수탁처리업시설
UQY330,분뇨처리시설
UQY340,축산폐수공공처리시설
UQY350,폐광폐수처리시설
UQY390,기타수질오염방지시설
UQY400,폐차장
UQY490,기타폐차장시설
UQY999,기타환경기초시설
TMP505,(임시)댐 및 주변지역 친환경 활용 구역
TMP506,(임시)해양산업클러스터
ZB0008,일반경관지구
UQW101,운하
UQW109,기타운하시설
UQX800,장사시설
UQX805,국립묘지
UQX810,공설묘지
UQX815,사설묘지
UQX820,기타공동묘지시설
UQX825,공설화장시설
UQX830,사설화장시설
UQX835,기타화장시설
UQX840,장례식장
UQX845,기타장례식장시설
UQX850,봉안시설
UQX855,공설봉안시설
UQX860,사설봉안시설
UQX865,기타봉안시설
UQX870,공설자연장지
UQX875,법인등자연장지
UQV840,종합운동장
UQV850,기타운동장시설
UPF100,재해위험 개선사업지구
ZM7806,농수산업지구
UHL100,산업기술단지
TMP052,(임시)간척지활용사업구역
UMK500,(한강)폐수배출시설 설치제한지역
UNE113,통제보호구역(방공기지：500m)
ZA1101,원형보존지
TMP034,(임시)역사문화환경 보존육성지구
UQTEMP,용도별 건축물의 종류
TMP076,역사문화환경 보존지역
UFI200,수목원조성예정지
TMP019,(임시)역사문화미관지구
UGC200,핵심관리구역
TMP070,입지규제최소구역
UEF100,농업생산기반시설 및 주변지역 활용구역
UNE121,제한보호구역(전방지역：25km)
UNIM02,비행안전 제2구역
UNE440,비상활주로
UNE129,제한보호구역(방공기지：1km)
ZM7802,제2종자연경관지구
ZO8201,주거환경보호지구
UNIM05,비행안전 제5구역
UFQ500,산림유전자원보호림
UIM100,복합환승센터
UBY100,지역개발사업구역
TMP064,(임시)역사문화환경 보존지역
TMP500,(임시)산업복합구역
UNE420,지원항공작전기지
UNE431,비행안전 제1구역(헬기)
UNE128,제한보호구역(수역)
TMP018,(임시)중심지미관지구
UGC300,완충관리구역
ZH7301,여주군향토유적보호구역
ZH1501,의정부시향토유적보호구역
ZH4601,용인시향토유적보호구역
ZH4301,의왕시향토유적보호구역
ZH6501,포천시향토유적보호구역
ZH4501,하남시향토유적보호구역
ZI2101,농수산업지구
ZI8001,제2종자연경관지구
ZI7801,농업지구
ZJ7401,영동군향토유적보호구역
ZJ8001,단양군향토유적보호구역
ZJ8002,단양군전통사찰보존구역주변지역
ZJ7201,보은군전통사찰보존구역주변지역
ZJ7202,보은군자연경관보전지역
ZJ7402,증평군향토유적보호구역
ZJ7101,청원군향토유적보호구역
ZL7301,향토유적보호구역
ZL7401,자연경관보전지역
ZL7201,자연경관보전지역
ZL1401,자연경관보전지역
ZO0004,제2종수변경관지구
ZO0005,전통경관지구
ZO0006,조망권경관지구
ZO0007,숙박시설제한지구
ZO0008,위락시설제한지구
ZO0009,위험물저장및처리시설제한지구
ZP0001,전통경관지구
ZP0002,조망권경관지구
ZP0003,숙박시설제한지구
ZP0004,위락시설제한지구
ZP0005,위험물저장 및 처리시설제한지구
TMP025,(임시)침수위험지구
ZL8001,자연경관보전지역
ZL7901,자연경관보전지역
ZL1901,자연경관보전지역
ZL7101,자연경관보전지역
ZM9001,진도군향토유적보호구역
ZM9101,신안군향토유적보호구역
ZM1301,여수시향토유적보호구역
ZM7101,담양군향토유적보호구역
ZM8401,무안군향토유적보호구역
ZM7701,고흥군자연경관보전지역
ZM8101,강진군자연경관보전지역
ZN1101,수변및기타경관지구
ZN1901,구미시전통사찰보존구역주변지역
ZN2501,상주시자연경관보전지역
ZN2101,영주시전통사찰보존구역주변지역
ZN7701,영덕군자연경관보전지역
ZO8901,자연경관보전지역
ZH5702,김포시자연경관보전지역
UFQ100,산림정화보호구역
UFQ200,특수산림사업지구
UFK500,시험림구역
UNB110,전술항공작전기지
ZB3501,해운대구 컨벤션·영상·해양레저 특구
UNB120,지원항공작전기지
UIG411,가지구
UMA100,국립공원
UMA200,도립공원
UMA300,군립공원
UMA400,공원보호구역
UMB100,공원자연보존지구
UMB200,공원자연환경지구
ZJ0013,전통경관지구
ZM8004,제2종수변경관지구
ZM8005,주거환경보호지구
UMZ100,가축사육제한구역
UNE411,비행안전 제1구역(전술)
ZA0010,사고지
UIG600,장애물 제한표면
UHG100,벤처기업전용단지
ZA0009,학교이적지
TMP028,(임시)고립위험지구
UJG100,친수구역
ZM7801,제1종자연경관지구
UNE100,군사기지 및 군사시설 보호구역
UIL000,마리나항만구역미분류
TMP050,(임시)매장문화재유존지역
UPB210,침수위험지구
UPB220,유실위험지구
UPB230,고립위험지구
UPB240,붕괴위험지구
UPB250,해일위험지구
UPB260,취약방재시설지구
UQQ902,성장관리방안 수립지역
UEC700,공장 등 설립 제한 지역
UQJ200,시가지방재지구
UQJ300,자연방재지구
TMP900,(임시)세계유산지구
TMP901,(임시)세계유산 구역
TMP902,(임시)세계유산 완충구역
UQT251,수변공원
UNE130,제한보호구역(사격장 및 훈련장 : 1km)
UDV100,개발제한구역
UDW100,도시개발구역
UDX100,건축허가·착공제한지역
UDY100,국민임대주택단지예정지구
ZH0021,문화재보존영향검토대상구역
ZL0004,제2종수변경관지구
ZL0005,전통경관지구
ZL0006,조망권경관지구
ZL0007,숙박시설제한지구
ZL0008,위락시설제한지구
UBB500,특정지역
UQA210,중심상업지역
UQA220,일반상업지역
UQA230,근린상업지역
UQA240,유통상업지역
UQA300,공업지역
UQA310,전용공업지역
UQA400,녹지지역
UQA410,보전녹지지역
UQA420,생산녹지지역
UQA430,자연녹지지역
UQB100,계획관리지역
UQB200,생산관리지역
UQB300,보전관리지역
UQF110,자연경관지구
UQF130,시가지경관지구
UQG110,중심지미관지구
UQG120,역사문화미관지구
UQG130,일반미관지구
UQH110,최고고도지구
UQH120,최저고도지구
UQK120,중요시설물보호지구
UQK130,생태계보호지구
UQL110,공항시설보호지구
UQL120,학교시설보호지구
UHH300,자연보전지역
UFM120,공익용산지
ZI0005,위락시설제한지구
ZI0006,숙박시설제한지구
ZI0007,위험물저장및처리시설제한지구
ZM0007,농수산업지구
ZM0008,주거환경보호지구
ZM0009,제1종자연경관지구
ZM0010,제2종자연경관지구
ZM0011,제1종수변경관지구
ZM0012,제2종수변경관지구
ZO0011,농수산업지구
ZH0014,제1종자연경관지구
ZH0015,제2종자연경관지구
ZH0016,제1종수변경관지구
ZH0017,제2종수변경관지구
ZJ0009,제1종자연경관지구
ZJ0010,제2종자연경관지구
ZJ0011,제1종수변경관지구
ZJ0012,제2종수변경관지구
ZH6301,양주시향토유적보호구역
ZM9103,농수산업지구
UNE423,비행안전 제3구역(지원)
TMP020,(임시)일반미관지구
TMP049,(임시)원형보존존치지역
UQR100,일단의주택단지조성사업지역
UQR200,시가지조성사업지역
UQR300,일단의공업용지조성사업지역
ZB0005,도시계획시설이적지
ZD0007,사고지
TMP600,(임시)상습가뭄재해지구
TMP048,(임시)생태적산지전용지구
ZK0014,문화재보존영향 검토대상구역
ZL0001,제1종자연경관지구
ZL0002,제2종자연경관지구
ZL0003,제1종수변경관지구
ZO1502,농수산업지구
ZF0091,원도심권역
UPB200,자연재해위험개선지구
ZF0005,일반경관지구
ZF0006,위험물저장 및 처리시설제한지구
ZO0010,문화재보존영향 검토대상구역
ZN0005,전통경관지구
ZN0006,조망권경관지구
ZN0007,숙박시설제한지구
ZN0008,위락시설제한지구
ZN0009,위험물저장및처리시설제한지구
ZN0014,문화재보존영향 검토대상구역
ZO0001,제1종자연경관지구
ZO0002,제2종자연경관지구
ZO0003,제1종수변경관지구
ZP0010,문화재보존영향 검토대상구역
ZA0001,시계경관지구
ZA0002,문화재주변경관지구
ZA0003,조망경관지구
ZA0004,보행우선지구
ZA0005,사적건축물보전지구
ZB0004,문화재보존영향 검토대상구역
ZC0006,숙박시설제한지구
ZC0007,위락시설제한지구
ZC0011,팔공산자연공원집단시설지구
UHH400,특별유치업종을위한지역
UIA100,도로구역
UIA200,접도구역
UIA300,입체적도로구역
UIA400,도로보전입체구역
UIE100,항만구역
UIE500,임항구역
UIE510,임항지역
UIF100,신항만건설예정지역
UIJ500,노외주차장설치제한지역
UIK100,철도보호지구
UJB100,하천구역
UJC100,소하천구역
UJC200,소하천예정지
UJD200,온천공보호구역
ULB200,전원개발사업예정구역
UIG560,내부전이표면구역
UMC100,생태계보전지역
UMC110,시·도 생태계보전지역
ZA0008,조망가로미관지구
ZH6101,광주시향토유적보호구역
ZH2901,과천시향토유적보호구역
ZH4101,군포시향토유적보호구역
ZH5701,김포시향토유적보호구역
ZH3601,남양주시향토유적보호구역
ZH1101,수원시향토유적보호구역
ZH2501,동두천시향토유적보호구역
ZH2701,안산시향토유적보호구역
ZH1701,안양시향토유적보호구역
ZH1901,부천시향토유적보호구역
ZH3101,구리시향토유적보호구역
ZH8301,양평군향토유적보호구역
ZK0013,시계관리지구
ZH1301,성남시향토유적보호구역
ZH8201,가평군향토유적보호구역
UMB310,공원마을지구
ZM2302,농수산업지구
UNE414,비행안전 제4구역(전술)
TMP057,(임시)완충관리구역
ZM8006,농수산업지구
UNE425,비행안전 제5구역(지원)
ZP0006,보행자우선지구
ZP0007,주거환경보호지구
ZP0008,농·수·축산업지구
UIN300,제3종구역
TMP074,역사문화환경 보존지역
ZI7804,위험물저장 및 처리시설제한지구
ZH3103,제2종자연경관지구
UBU100,대회관련시설 설치·이용지역
UOC500,지정문화재
UNE432,비행안전 제2구역(헬기)
TMP043,(임시)저수지 공장설립 승인 필요 지역
UFQ400,보안림
ZH0018,위락시설제한지구
ZL0011,농수산업지구
ZL0012,주거환경보호지구
ZF0004,위락시설제한지구
UEA100,농업진흥지역
UEA110,농업진흥구역
UEA120,농업보호구역
UFE100,사방지
UFI100,국립수목원완충지역
UFK100,자연휴양림
UFK200,채종림구역
UFK300,보안림
UFK400,산림유전자원보호림
UQF100,경관지구
UQG100,미관지구
UQH100,고도지구
UQI100,방화지구
UQJ100,방재지구
UQK100,보호지구
UQL100,시설보호지구
UQM100,취락지구
UQN100,개발진흥지구
UQO100,특정용도제한지구
UQP120,위락지구
UQP130,리모델링지구
UQQ200,시가화조정구역
UFM100,보전산지
UFN100,산지전용·일시사용제한지역
UFN200,채석허가제한지역
UFO100,백두대간보호지역
UFO110,핵심구역
UFO120,완충구역
UHA100,국가산업단지
UHA210,일반산업단지
UHA220,도시첨단산업단지
UHA300,농공단지
UHE100,유통단지
UHH100,과밀억제지역
UGA100,어항구역(육역)
UGC100,연안육역
UIE600,항만배후단지
UIG100,공항구역
UIG300,공항소음피해지역
UIG510,진입표면구역
UIG530,원추표면구역
UIG540,전이표면구역
UJB200,하천예정지
UJD100,온천지구
UJE100,지하수보전구역
ZH0012,농·수산업지구
ZH0013,시계관리지구
ZI0001,조망권경관지구
ZJ0008,문화재보존영향 검토대상구역
ZK0001,제1종자연경관지구
ZK0002,제2종자연경관지구
ZK0003,제1종수변경관지구
ZK0004,제2종수변경관지구
ZK0005,전통경관지구
ZK0006,조망권경관지구
ZK0007,숙박시설제한지구
ZK0008,위락시설제한지구
ZK0009,위험물저장및처리시설제한지구
ZK0010,보행자우선지구
ZK0011,주거환경보호지구
UQTEST,계획관리지역(표대비)
ZA0011,비오톱1등급
UM1100,공장설립제한지역
TMP039,(임시)대회관련시설 설치·이용지역
UDE100,공공지원민간임대주택 공급촉진지구
UQN170,산업·유통개발진흥지구
TMP068,(임시)역사문화환경 보존지역
ZM8002,제2종자연경관지구
UIN200,제2종구역
TMP061,(임시)역사문화환경 보존지역
UMC500,생태·경관보전지역
UMC510,생태·경관핵심보전구역
UMC520,생태·경관완충보전구역
UMC530,생태·경관전이보전구역
UMC600,시·도 생태·경관보전지역
ZO7401,주거환경보호지구
UBK120,일반주거구역
UBK130,준주거구역
UQT600,도시자연공원구역
UDA100,재정비촉진지구
UIG320,제2종구역
UHJ400,녹지구역
UOJ100,묘지등설치제한지역
UMY310,시·도해양생물보호구역
ZH0020,자연환경보전보호구역
UMJ100,환경정비구역
UQQ700,개발밀도관리구역
UOE300,전통사찰 역사문화보존구역
UBB600,지역종합개발지구
UPB100,재해위험지구
UMY320,시·도해양생태계보호구역
UHA400,특수지역
UKB100,무선방위측정장치보호구역
UEC400,농업생산기반 정비사업지역
UEC500,마을정비구역
UEC600,농어촌 관광휴양단지
UEC300,한계농지등 정비지구
UMY100,해양보호구역
UMY120,해양생태계보호구역
UMY130,해양경관보호구역
UMY200,긴급해양보호구역
UMY300,시·도해양보호구역
UJD300,온천원보호지구
UMK300,(한강)오염행위 제한지역
UMU400,(금강)건축 등 허가제한지역
UMU500,(금강)폐수배출시설 설치제한지역
UMU600,(금강)폐기물매립시설 설치제한지역
UMV400,(낙동강)건축 등 허가제한지역
UMV500,(낙동강)폐수배출시설 설치제한지역
UMV600,(낙동강)폐기물매립시설 설치제한지역
UMW400,(영산강·섬진강)건축 등 허가제한지역
UMW500,(영산강·섬진강)폐수배출시설 설치제한지역
UHA200,지방산업단지
UBL110,지하수자원보전지구(1등급)
UBL120,지하수자원보전지구(2등급)
ZJ8012,제2종자연경관지구
UBR100,국제화계획지구
ZJ8013,제1종수변경관지구
ZO3112,주거환경보호지구
ZJ8011,제1종자연경관지구
ZJ8016,조망권경관지구
ZO3113,농수산업지구
ZJ8014,제2종수변경관지구
ZC0008,위험물저장및처리시설제한지구
UMB320,공원밀집마을지구
UMB400,공원집단시설지구
UMC300,자연유보지역
UMC400,자연휴식지
ZC0001,제1종자연경관지구
ZL7403,농수산업지구
UBW100,해양박람회특구
UNIM06,비행안전 제6구역
TMP042,(임시)2018평창동계올림픽 특별구역
UIG200,공항·비행장개발예정지역
ZD0009,역사문화환경 보존지역
UNIM03,비행안전 제3구역
TMP045,(임시)민북지역산지전용제한지역
TMP047,(임시)민북지역산지특별관리지역
UEG100,영농여건불리농지
ZQ0001,중점경관관리구역
UQQ600,토지거래허가구역
ZC0003,제1종수변경관지구
ZC0004,제2종수변경관지구
ZC0005,전통경관지구
ZH0008,숙박시설제한지구
ZH0009,위험물저장및처리시설제한지구
ZJ0001,숙박시설제한지구
ZJ0002,위락시설제한지구
ZJ0003,위험물저장및처리시설제한지구
ZJ0004,보행자우선지구
ZL8003,농수산업지구
ZH4803,제1종수변경관지구
ZL8002,주거환경보호지구
UMG200,폐기물처리시설입지
UMI100,상수원보호구역
UMK100,(한강)수변구역
UMM100,특별대책지역
UMO100,특별관리해역
UMO200,환경보전해역
UMQ100,습지보호지역
UMQ200,습지주변관리지역
UMQ300,습지개선지역
UMR100,특정도서
UMR200,시·도특정도서
UMS100,야생생물특별보호구역
UMS210,시·도야생생물보호구역
UMS220,야생생물보호구역
UMT100,골재채취단지
UMT200,골재채취금지구역
UMU100,(금강)수변구역
UMU200,(금강)상수원보호구역
UMV100,(낙동강)수변구역
UMV200,(낙동강)상수원보호구역
UMW200,(영산강·섬진강)상수원보호구역
UNA100,군사시설보호구역
UNA110,통제보호구역
UNA120,제한보호구역
UNA200,대공방어협조구역
UNB130,헬기전용작전기지의비행안전구역
UNB131,헬기전용작전기지의비행안전구역 제1구역
UNB132,헬기전용작전기지의비행안전구역 제2구역
UNB133,헬기전용작전기지의비행안전구역 제3구역
UNB140,비상활주로
UNB141,비상활주로의 비행안전 제1구역
UNB142,비상활주로의 비행안전 제2구역
UNB143,비상활주로의 비행안전 제3구역
UNB200,기지보호구역
UNC100,해군기지구역(육상구역)
UNC110,해군기지통제보호구역
UNC120,해군기지제한보호구역
UND100,특별보호구역
UOA100,교육환경보호구역
UOA110,절대보호구역
UOA120,상대보호구역
UOC100,보호구역
UOC300,현상변경허가 대상구역
UOC400,등록문화재
UOC510,국가지정문화재
UOC520,시ㆍ도지정문화재
UOC530,문화재자료
UOC600,임시지정문화재
UOF100,관광지
UOF200,관광단지
ZI0009,동강유역자연휴식지역
ZI0010,자연환경연구공원
ZD0006,시지정문화재천연보호구역
ZH0035,숙박·위락시설제한지구
ZM8301,주거환경보호지구
UMB500,공원문화유산지구
UQY500,빗물저장 및 이용시설
TMP040,(임시)대회관련시설 설치·이용지역
ZM2301,주거환경보호지구
UNE125,제한보호구역(지원/헬기：2km)
ZJ0016,조망권경관지구
UIG550,착륙복행표면구역
ZO7212,주거환경보호지구
UFP100,임업진흥권역
UFR100,산림보호구역
UIG412,나지구
UIG413,다지구
UBP100,시장정비구역
UDX200,가로구역별 최고높이 제한지역
UHJ100,산업시설구역
UHJ200,지원시설구역
UHJ300,공공시설구역
ZP0012,정주환경지원지구
ZH4802,제2종자연경관지구
ZJ0005,주거환경보호지구
ZJ0006,농수산업지구
ZJ0007,시계관리지구
ZN0010,보행자우선지구
ZN0011,주거환경보호지구
ZN0012,농·수산업지구
ZN0013,도계관리지구
ZL0009,위험물저장및처리시설제한지구
ZL0010,문화재보존영향 검토대상구역
ZM0001,전통경관지구
ZM0002,조망권경관지구
ZM0004,위락시설제한지구
ZM0005,위험물저장및처리시설제한지구
ZM0006,문화재보존영향 검토대상구역
ZN0001,제1종자연경관지구
ZN0002,제2종자연경관지구
ZN0003,제1종수변경관지구
ZN0004,제2종수변경관지구
ZA0006,문화재보존영향 검토대상구역
ZB0001,숙박시설제한지구
ZB0002,위락시설제한지구
ZB0003,위험물저장및처리시설제한지구
ZC0009,문화재보존영향 검토대상구역
ZD0001,숙박시설제한지구
ZD0002,위락시설제한지구
ZD0003,위험물저장및처리시설제한지구
ZD0004,문화재보존영향 검토대상구역
ZE0001,제1종자연경관지구
ZE0002,제2종자연경관지구
ZE0003,제1종수변경관지구
ZE0004,제2종수변경관지구
ZE0006,조망권경관지구
ZE0007,숙박시설제한지구
ZE0008,위락시설제한지구
ZE0009,위험물저장및처리시설제한지구
ZE0010,보행자우선지구
ZE0011,주거환경보호지구
ZE0012,농수산업지구
ZE0013,시계관리지구
ZE0014,문화재보존영향 검토대상구역
ZF0001,호국경관지구
ZF0002,문화재보존영향 검토대상구역
ZG0001,숙박시설제한지구
ZG0002,위락시설제한지구
UBL130,지하수자원보전지구(3등급)
UBL140,지하수자원보전지구(4등급)
UBL999,지하수자원보전지구(기타)
UBM120,생태계보전지구(2등급)
UGD200,준보전무인도서
ZM7803,제1종수변경관지구
UNE430,헬기전용작전기지
UNE412,비행안전 제2구역(전술)
UNE433,비행안전 제3구역(헬기)
ZI0004,주거환경보호지구
ZO0012,주거환경보호지구
UIG570,내부진입표면구역
ZH3901,시흥시향토문화유산보호구역
ZF0003,숙박시설제한지구
UFN300,토사채취허가제한지역
UJB300,연안구역
ZK0012,농수산업지구
ZO7213,농수산업지구
ZC0002,제2종자연경관지구
ZM0003,숙박시설제한지구
ZE0005,전통경관지구
UBM110,생태계보전지구(1등급)
UIG410,가지구
UBT100,항만재개발사업구역
UNE110,통제보호구역
TMP059,(임시)역사문화환경 보존지역
UBM130,생태계보전지구(3등급)
UBM140,생태계보전지구(4-1등급)
UBM150,생태계보전지구(4-2등급)
UBM160,생태계보전지구(5등급)
UBM999,생태계보전지구(기타)
UBN110,경관보전지구(1등급)
UBN120,경관보전지구(2등급)
UBN130,경관보전지구(3등급)
UBN140,경관보전지구(4등급)
UBN150,경관보전지구(5등급)
UBN999,경관보전지구(기타)
UBQ100,혁신도시개발예정지구
ZJ8015,전통경관지구
ZG0003,위험물저장및처리시설제한지구
ZG0004,문화재보존영향 검토대상구역
ZH0001,전통경관지구
ZH0002,조망권경관지구
ZH0003,상업개발촉진지구
ZH0004,공업개발촉진지구
ZH0005,첨단산업개발촉진지구
ZH0006,외국인투자개발촉진지구
ZH0007,레포츠개발촉진지구
ZH0010,보행자우선지구
ZH0011,주거환경보호지구
UQA111,제1종전용주거지역
UQA112,제2종전용주거지역
UQA121,제1종일반주거지역
UQA122,제2종일반주거지역
UQA123,제3종일반주거지역
UMW100,(영산강·섬진강)수변구역
UNB111,전술항공작전기지제1구역
UNB112,전술항공작전기지제2구역
UNB113,전술항공작전기지제3구역
UNB114,전술항공작전기지제4구역
UNB115,전술항공작전기지제5구역
UNB116,전술항공작전기지제6구역
UNB121,지원항공작전기지제1구역
UNB122,지원항공작전기지제2구역
UNB123,지원항공작전기지제3구역
UNB124,지원항공작전기지제4구역
UNB125,지원항공작전기지제5구역
UOE200,전통사찰보존구역
UQA100,주거지역
UQA110,전용주거지역
UQA120,일반주거지역
UQA130,준주거지역
UQA200,상업지역
UOG100,역사문화환경 특별보존지구
UOG200,역사문화환경 보존육성지구
UOH100,문화지구
UOI100,청소년수련지구
UQA001,도시지역
UQB001,관리지역
UQC001,농림지역
UQD001,자연환경보전지역
ZH4801,제1종자연경관지구
ZH4804,제2종수변경관지구
ZO7402,농수산업지구
ZL7501,주거환경보호지구
ZO1501,주거환경보호지구
UPE100,붕괴위험지역
TMP065,(임시)역사문화환경 보존지역
UQP501,복합용도지구
UQK121,중요시설물보호지구(공항)
UQK122,중요시설물보호지구(항만)
UQK123,중요시설물보호지구(공용)
UQN110,주거개발진흥지구
TMP062,(임시)역사문화환경 보존지구
TMP072,해양산업클러스터
ZH3104,제1종수변경관지구
ZL7903,농수산업지구
UNE442,비행안전 제2구역(비상)
UHH200,성장관리지역
TMP001,(임시)복합환승센터
TMP002,(임시)마리나항만구역
TMP003,(임시)예비항공기지의 비상활주로 제1구역
TMP004,(임시)예비항공기지의 비상활주로 제2구역
TMP005,(임시)예비항공기지의 비상활주로 제3구역
TMP016,(임시)공원문화유산지구
TMP035,(임시)역사문화환경 특별보존지구
TMP008,(임시)새만금사업지역
TMP009,(임시)산림보호구역
TMP010,(임시)수목원조성예정지
TMP011,(임시)시가지경관지구
TMP012,(임시)중심지미관지구
TMP013,(임시)역사문화미관지구
TMP014,(임시)일반미관지구
UBUILD,도시·군계획시설
UQS100,도로
UQN160,특정개발진흥지구
UJB400,홍수관리구역
UHA500,준산업단지
UGD100,절대보전무인도서
UQQ300,지구단위계획구역
UQQ310,제1종지구단위계획구역
UQQ320,제2종지구단위계획구역
UQQ500,수산자원보호구역
UQQ800,기반시설부담구역
UQQ900,개발행위허가제한지역
UQR400,도시·군계획시설의 부지
UBB200,개발촉진지구
UBH400,자유무역지역
UBJ100,지역특화발전특구
UFF100,초지
UFM110,임업용산지
UQL130,공용시설보호지구
UQL140,항만시설보호지구
UQM110,자연취락지구
UQM120,집단취락지구
UQN120,산업개발진흥지구
UQN130,유통개발진흥지구
UQN140,관광·휴양개발진흥지구
UQN150,복합개발진흥지구
ULB100,전원개발사업구역
UMF100,토양보전대책지역
UMN200,배출시설설치제한지역
UIG310,제1종구역
UIG400,공항소음피해예상지역
UBA100,과밀억제권역
UBA200,성장관리권역
UBC100,절대보전지역
UBC200,상대보전지역
UBC400,관리보전지역
UBG100,기업도시개발구역
UBH100,지하수자원특별관리구역
UBI100,경제자유구역
UBK100,주거구역
UBK110,전용주거구역
UBK200,상업구역
UBK300,녹지구역
UBK400,교육·연구 및 사업화시설구역
UBK500,산업시설구역
UBK600,연구개발특구
UBL100,지하수자원보전지구
UBM100,생태계보전지구
UBN100,경관보전지구
UBO100,예정지역
UBO200,주변지역
UBO300,개발행위허가 및 건축허가제한지역
UDP100,택지개발지구
UDT100,정비구역
ZI7802,숙박시설제한지구
ZM8901,주거환경보호지구
UMK600,(한강)폐기물매립시설 설치제한지역
ZN0015,문화지구
UBV100,해안권 및 내륙권 개발구역
UDL100,공공주택지구
TMP044,(임시)민북지역보전산지
TMP029,(임시)취약방재시설지구
UMW600,(영산강·섬진강)폐기물매립시설 설치제한지역
UNE416,비행안전 제6구역(전술)
TMP046,(임시)민북지역산지특별보호지역
ZM7804,제2종수변경관지구
ZP0009,시계관리지구
ZH3102,제1종자연경관지구
ZO8902,주거환경보호지구
ZO8903,농수산업지구
ZM8001,제1종자연경관지구
ZM8003,제1종수변경관지구
ZL7902,주거환경보호지구
UNE200,대공방어협조구역
UOK100,문화산업단지
UNE400,비행안전구역
UNE441,비행안전 제1구역(비상)
UNE424,비행안전 제4구역(지원)
UHA600,공장입지유도지구
UIG520,수평표면구역
UBS100,반환공여구역주변지역
UMY110,해양생물보호구역
UMY330,시·도해양경관보호구역
UNE111,통제보호구역(민통선이북 ： 10km)
UNE123,제한보호구역(폭발물관련：1km)
UNE126,제한보호구역(전기통신：2km)
TMP015,(임시)국토이용정보체계(KLIS)
ZA0012,4대문안
TMP017,(임시)친수구역
TMP032,(임시)소음대책지역
TMP022,(임시)국유림
TMP038,(임시)공항개발예정지역
TMP041,(임시)대회관련시설 설치·이용지역
TMP051,(임시)산지유전자원보호구역
UB1100,동계올림픽특별구역
TMP063,(임시)역사문화환경 보존지역
TMP066,(임시)역사문화환경 보존지역
TMP067,역사문화환경 보존지역
TMP069,(임시)시가지경관지구
TMP071,(임시)복합구역
UQQ901,입지규제최소구역
UIL100,마리나항만구역
UIB100,고속국도법상의접도구역
UBC310,지하수자원보전지구
UBC311,지하수자원보전지구(1등급)
UBC312,지하수자원보전지구(2등급)
UBC313,지하수자원보전지구(3등급)
UBC314,지하수자원보전지구(4등급)
UBC320,생태계보전지구
UBC321,생태계보전지구(1등급)
UBC322,생태계보전지구(2등급)
UBC323,생태계보전지구(3등급)
UBC324,생태계보전지구(4-1등급)
UBC325,생태계보전지구(4-2등급)
UBC326,생태계보전지구(5등급)
UBC330,경관보전지구
UBC331,경관보전지구(1등급)
UBC332,경관보전지구(2등급)
UBC333,경관보전지구(3등급)
UBC334,경관보전지구(4등급)
UBC335,경관보전지구(5등급)
UQT221,문화공원
ZM9102,주거환경보호지구
ZM8902,농수산업지구
UPG100,위험저수지·댐 정비지구
UBX100,신발전지역발전촉진지구
UNIM01,비행안전 제1구역
TMP053,(임시)어촌특화발전계획구역
TMP024,(임시)자연공원
TMP056,(임시)핵심관리구역
TMP060,(임시)역사문화환경 보존지역
TMP073,역사문화환경 보존지역
UQF131,시가지경관지구(중심)
UQF132,시가지경관지구(일반)
UBK501,산업육성구역
TMP026,(임시)유실위험지구
UBK502,산업지원구역
UFQ600,시험림
UNE112,통제보호구역(민통선이남：300m)
UQS101,일반도로
UQS102,자동차전용도로
UQS103,보행자전용도로
UQS104,자전거전용도로
UQS105,고가도로
UQS106,지하도로
UQS111,광로1류(폭 70m 이상)
UQS112,광로2류(폭 50m~70m)
UQS113,광로3류(폭 40m~50m)
UQS114,대로1류(폭 35m~40m)
UQS115,대로2류(폭 30m~35m)
UQS116,대로3류(폭 25m~30m)
UQS117,중로1류(폭 20m~25m)
UQS118,중로2류(폭 15m~20m)
UQS119,중로3류(폭 12m~15m)
UQS120,소로1류(폭 10m~12m)
UQS121,소로2류(폭 8m~10m)
UQS122,소로3류(폭 8m 미만)
UQS131,주간선도로
UQS132,보조간선도로
UQS133,집산도로
UQS134,국지도로
UQS141,도시고속도로
UQS142,특수도로(보행자전용도로)
UQS143,특수도로(자전거전용도로)
UQS190,기타도로시설
UQS200,주차장
UQS210,노외주차장
UQS290,기타주차장시설
UQS300,자동차정류장
UQS310,여객자동차터미널
UQS320,화물터미널
UQS330,공영차고지
UQS390,기타자동차정류장
UQS400,자동차및건설기계검사시설
UQS410,자동차검사시설
UQS420,건설기계검사소
UQS490,기타자동차및건설기계검사소
UQS500,철도
UQS510,일반철도
UQS520,도시철도
UQS530,고속철도
UQS540,국유철도사업시설
UQS549,기타철도시설
UQS550,궤도
UQS559,기타궤도시설
UQS560,삭도
UQS569,기타삭도시설
UQS600,운하
UQS610,기타운하시설
